OWIO, OWST, PWIO, AVGWIO, TAG
20, 0.000000, 100.000000, 43.040000, 0
20, 0.000000, 100.000000, 59.760000, 0
12, 11.500000, 92.000000, 47.217391, 0
0, 2.571429, 72.000000, 57.000000, 0
0, 1.083333, 52.000000, 43.692308, 0
0, 0.470588, 32.000000, 63.500000, 0
11, 0.298701, 23.000000, 12.521739, 0
20, 0.449275, 31.000000, 39.225806, 0
20, 1.040816, 51.000000, 43.921569, 0
20, 2.448276, 71.000000, 34.704225, 0
20, 10.111111, 91.000000, 47.318681, 0
1, 4.263158, 81.000000, 52.172840, 0
0, 1.564103, 61.000000, 50.786885, 0
5, 0.851852, 46.000000, 46.478261, 0
0, 0.351351, 26.000000, 73.615385, 0
0, 0.063830, 6.000000, 12.000000, 0
0, 0.052632, 5.000000, 12.800000, 0
0, 0.052632, 5.000000, 12.800000, 0
0, 0.000000, 0.000000, 0.000000, 0
0, 0.000000, 0.000000, 0.000000, 0
0, 0.000000, 0.000000, 0.000000, 0
6, 0.063830, 6.000000, 29.333333, 1
20, 0.351351, 26.000000, 37.538462, 1
20, 0.851852, 46.000000, 28.000000, 1
20, 1.941176, 66.000000, 24.000000, 1
20, 6.142857, 86.000000, 24.651163, 1
20, 0.000000, 100.000000, 23.120000, 1
20, 0.000000, 100.000000, 19.120000, 1
20, 0.000000, 100.000000, 20.240000, 1
20, 0.000000, 100.000000, 20.720000, 1
20, 0.000000, 100.000000, 18.400000, 1
20, 0.000000, 100.000000, 16.880000, 1
20, 0.000000, 100.000000, 15.360000, 1
20, 0.000000, 100.000000, 12.880000, 1
20, 0.000000, 100.000000, 12.240000, 1
20, 0.000000, 100.000000, 11.760000, 1
20, 0.000000, 100.000000, 11.760000, 1
20, 0.000000, 100.000000, 12.240000, 1
20, 0.000000, 100.000000, 15.120000, 1
20, 0.000000, 100.000000, 14.720000, 1
20, 0.000000, 100.000000, 14.800000, 1
20, 0.000000, 100.000000, 19.280000, 1
20, 0.000000, 100.000000, 23.120000, 1
20, 0.000000, 100.000000, 21.920000, 1
20, 0.000000, 100.000000, 23.440000, 1
20, 0.000000, 100.000000, 25.280000, 1
20, 0.000000, 100.000000, 22.240000, 1
20, 0.000000, 100.000000, 20.320000, 1
20, 0.000000, 100.000000, 20.720000, 1
20, 0.000000, 100.000000, 22.320000, 1
20, 0.000000, 100.000000, 61.120000, 1
20, 0.000000, 100.000000, 99.600000, 1
20, 0.000000, 100.000000, 119.200000, 1
20, 0.000000, 100.000000, 144.960000, 1
20, 0.000000, 100.000000, 159.840000, 1
20, 0.000000, 100.000000, 158.960000, 1
20, 0.000000, 100.000000, 144.480000, 1
20, 0.000000, 100.000000, 145.120000, 1
20, 0.000000, 100.000000, 129.920000, 1
20, 0.000000, 100.000000, 117.440000, 1
20, 0.000000, 100.000000, 85.280000, 1
20, 0.000000, 100.000000, 78.640000, 1
20, 0.000000, 100.000000, 61.840000, 1
20, 0.000000, 100.000000, 75.440000, 1
20, 0.000000, 100.000000, 79.120000, 1
20, 0.000000, 100.000000, 99.200000, 1
20, 0.000000, 100.000000, 105.440000, 1
20, 0.000000, 100.000000, 114.480000, 1
20, 0.000000, 100.000000, 100.240000, 1
20, 0.000000, 100.000000, 91.920000, 1
20, 0.000000, 100.000000, 68.400000, 1
20, 0.000000, 100.000000, 45.200000, 1
20, 0.000000, 100.000000, 67.200000, 1
20, 0.000000, 100.000000, 59.360000, 1
20, 0.000000, 100.000000, 75.760000, 1
20, 0.000000, 100.000000, 76.800000, 1
20, 0.000000, 100.000000, 77.120000, 1
20, 0.000000, 100.000000, 42.640000, 1
20, 0.000000, 100.000000, 42.880000, 1
20, 0.000000, 100.000000, 25.760000, 1
20, 0.000000, 100.000000, 20.240000, 1
20, 0.000000, 100.000000, 18.800000, 1
20, 0.000000, 100.000000, 16.400000, 1
20, 0.000000, 100.000000, 13.120000, 1
20, 0.000000, 100.000000, 12.560000, 1
20, 0.000000, 100.000000, 13.760000, 1
20, 0.000000, 100.000000, 14.720000, 1
18, 49.000000, 98.000000, 14.122449, 1
19, 32.333333, 97.000000, 12.865979, 1
20, 32.333333, 97.000000, 14.680412, 1
20, 32.333333, 97.000000, 14.350515, 1
20, 32.333333, 97.000000, 12.618557, 1
20, 99.000000, 99.000000, 12.686869, 1
20, 0.000000, 100.000000, 13.040000, 1
20, 0.000000, 100.000000, 11.040000, 1
20, 0.000000, 100.000000, 10.320000, 1
20, 0.000000, 100.000000, 10.720000, 1
20, 0.000000, 100.000000, 10.800000, 1
20, 0.000000, 100.000000, 10.880000, 1
20, 0.000000, 100.000000, 13.200000, 1
20, 0.000000, 100.000000, 20.320000, 1
20, 0.000000, 100.000000, 32.240000, 1
20, 0.000000, 100.000000, 36.240000, 1
20, 0.000000, 100.000000, 52.880000, 1
20, 0.000000, 100.000000, 56.800000, 1
20, 0.000000, 100.000000, 64.960000, 1
20, 0.000000, 100.000000, 59.840000, 1
20, 0.000000, 100.000000, 60.640000, 1
20, 0.000000, 100.000000, 53.840000, 1
20, 0.000000, 100.000000, 53.840000, 1
20, 0.000000, 100.000000, 44.080000, 1
20, 0.000000, 100.000000, 48.880000, 1
20, 0.000000, 100.000000, 48.480000, 1
20, 0.000000, 100.000000, 45.760000, 1
20, 0.000000, 100.000000, 48.640000, 1
20, 0.000000, 100.000000, 52.400000, 1
20, 0.000000, 100.000000, 51.200000, 1
20, 0.000000, 100.000000, 55.040000, 1
13, 13.285714, 93.000000, 62.279570, 1
0, 2.703704, 73.000000, 64.438356, 1
2, 1.222222, 55.000000, 65.890909, 1
0, 0.538462, 35.000000, 66.514286, 1
1, 0.190476, 16.000000, 82.500000, 1
3, 0.063830, 6.000000, 40.000000, 1
1, 0.075269, 7.000000, 48.000000, 1
3, 0.086957, 8.000000, 39.000000, 1
2, 0.111111, 10.000000, 50.400000, 1
1, 0.111111, 10.000000, 74.400000, 1
0, 0.075269, 7.000000, 88.000000, 1
8, 0.162791, 14.000000, 54.857143, 1
13, 0.315789, 24.000000, 37.333333, 1
20, 0.724138, 42.000000, 26.095238, 1
20, 1.564103, 61.000000, 19.672131, 1
20, 4.263158, 81.000000, 29.530864, 1
20, 13.285714, 93.000000, 25.806452, 1
20, 0.000000, 100.000000, 27.760000, 1
20, 0.000000, 100.000000, 30.880000, 1
20, 0.000000, 100.000000, 34.560000, 1
20, 0.000000, 100.000000, 28.720000, 1
20, 0.000000, 100.000000, 33.600000, 1
20, 0.000000, 100.000000, 34.720000, 1
20, 0.000000, 100.000000, 34.080000, 1
20, 0.000000, 100.000000, 35.040000, 1
20, 0.000000, 100.000000, 31.280000, 1
20, 0.000000, 100.000000, 26.880000, 1
20, 0.000000, 100.000000, 28.000000, 1
20, 0.000000, 100.000000, 23.760000, 1
20, 0.000000, 100.000000, 18.240000, 1
20, 0.000000, 100.000000, 21.280000, 1
20, 0.000000, 100.000000, 20.880000, 1
20, 0.000000, 100.000000, 15.920000, 1
20, 0.000000, 100.000000, 15.840000, 1
20, 0.000000, 100.000000, 14.720000, 1
20, 0.000000, 100.000000, 10.960000, 1
20, 0.000000, 100.000000, 9.920000, 1
20, 0.000000, 100.000000, 8.480000, 1
20, 0.000000, 100.000000, 8.000000, 1
20, 0.000000, 100.000000, 8.000000, 1
20, 0.000000, 100.000000, 8.000000, 1
20, 0.000000, 100.000000, 8.000000, 1
20, 0.000000, 100.000000, 8.000000, 1
20, 0.000000, 100.000000, 8.000000, 1
20, 0.000000, 100.000000, 8.000000, 1
20, 0.000000, 100.000000, 8.000000, 1
20, 0.000000, 100.000000, 8.000000, 1
20, 0.000000, 100.000000, 8.000000, 1
20, 0.000000, 100.000000, 8.000000, 1
20, 0.000000, 100.000000, 8.000000, 1
20, 0.000000, 100.000000, 8.000000, 1
20, 0.000000, 100.000000, 8.000000, 1
7, 6.692308, 87.000000, 8.000000, 1
3, 2.333333, 70.000000, 8.000000, 1
6, 1.272727, 56.000000, 8.000000, 1
1, 0.587302, 37.000000, 8.000000, 1
0, 0.204819, 17.000000, 8.000000, 1
0, 0.111111, 10.000000, 8.000000, 1
0, 0.075269, 7.000000, 8.000000, 1
0, 0.010101, 1.000000, 8.000000, 1
10, 0.111111, 10.000000, 8.000000, 1
20, 0.428571, 30.000000, 8.266667, 1
20, 1.000000, 50.000000, 8.160000, 1
14, 1.777778, 64.000000, 8.125000, 1
20, 5.250000, 84.000000, 8.095238, 1
20, 15.666667, 94.000000, 8.085106, 1
20, 15.666667, 94.000000, 8.000000, 1
20, 15.666667, 94.000000, 8.000000, 1
20, 0.000000, 100.000000, 8.000000, 1
20, 0.000000, 100.000000, 8.000000, 1
20, 0.000000, 100.000000, 8.080000, 1
20, 0.000000, 100.000000, 8.080000, 1
20, 0.000000, 100.000000, 8.080000, 1
20, 0.000000, 100.000000, 8.080000, 1
20, 0.000000, 100.000000, 8.080000, 1
20, 0.000000, 100.000000, 8.000000, 1
20, 0.000000, 100.000000, 8.000000, 1
20, 0.000000, 100.000000, 8.000000, 1
20, 0.000000, 100.000000, 8.000000, 1
20, 0.000000, 100.000000, 8.000000, 1
20, 0.000000, 100.000000, 8.000000, 1
20, 0.000000, 100.000000, 9.920000, 1
20, 0.000000, 100.000000, 9.920000, 1
20, 0.000000, 100.000000, 9.920000, 1
20, 0.000000, 100.000000, 9.920000, 1
20, 0.000000, 100.000000, 10.000000, 1
20, 0.000000, 100.000000, 8.160000, 1
20, 0.000000, 100.000000, 8.160000, 1
20, 0.000000, 100.000000, 8.160000, 1
20, 0.000000, 100.000000, 8.960000, 1
20, 0.000000, 100.000000, 10.160000, 1
20, 0.000000, 100.000000, 10.080000, 1
20, 0.000000, 100.000000, 10.080000, 1
20, 0.000000, 100.000000, 17.840000, 1
20, 0.000000, 100.000000, 17.040000, 1
20, 0.000000, 100.000000, 15.760000, 1
20, 0.000000, 100.000000, 15.760000, 1
20, 0.000000, 100.000000, 15.760000, 1
20, 0.000000, 100.000000, 8.000000, 1
20, 0.000000, 100.000000, 8.000000, 1
20, 0.000000, 100.000000, 8.160000, 1
20, 0.000000, 100.000000, 8.160000, 1
20, 0.000000, 100.000000, 8.160000, 1
20, 0.000000, 100.000000, 8.160000, 1
20, 0.000000, 100.000000, 8.160000, 1
20, 0.000000, 100.000000, 8.000000, 1
20, 0.000000, 100.000000, 8.000000, 1
20, 0.000000, 100.000000, 8.000000, 1
20, 0.000000, 100.000000, 8.080000, 1
20, 0.000000, 100.000000, 8.080000, 1
20, 0.000000, 100.000000, 8.080000, 1
20, 0.000000, 100.000000, 8.080000, 1
20, 0.000000, 100.000000, 8.080000, 1
20, 0.000000, 100.000000, 8.000000, 1
20, 0.000000, 100.000000, 8.000000, 1
20, 0.000000, 100.000000, 8.000000, 1
20, 0.000000, 100.000000, 8.000000, 1
20, 0.000000, 100.000000, 8.080000, 1
20, 0.000000, 100.000000, 8.080000, 1
20, 0.000000, 100.000000, 8.080000, 1
20, 0.000000, 100.000000, 8.080000, 1
20, 0.000000, 100.000000, 8.080000, 1
20, 0.000000, 100.000000, 8.000000, 1
20, 0.000000, 100.000000, 8.000000, 1
20, 0.000000, 100.000000, 8.000000, 1
20, 0.000000, 100.000000, 8.000000, 1
20, 0.000000, 100.000000, 8.000000, 1
20, 0.000000, 100.000000, 8.000000, 1
20, 0.000000, 100.000000, 8.000000, 1
20, 0.000000, 100.000000, 8.080000, 1
20, 0.000000, 100.000000, 8.080000, 1
20, 0.000000, 100.000000, 8.080000, 1
20, 0.000000, 100.000000, 8.080000, 1
20, 0.000000, 100.000000, 8.080000, 1
20, 0.000000, 100.000000, 8.000000, 1
20, 0.000000, 100.000000, 8.000000, 1
20, 0.000000, 100.000000, 8.000000, 1
20, 0.000000, 100.000000, 8.000000, 1
20, 0.000000, 100.000000, 8.000000, 1
20, 0.000000, 100.000000, 8.000000, 1
20, 0.000000, 100.000000, 8.000000, 1
20, 0.000000, 100.000000, 8.000000, 1
20, 0.000000, 100.000000, 8.000000, 1
11, 10.111111, 91.000000, 8.000000, 1
0, 2.448276, 71.000000, 8.000000, 1
1, 1.083333, 52.000000, 8.000000, 1
2, 0.515152, 34.000000, 8.000000, 1
0, 0.162791, 14.000000, 8.000000, 1
1, 0.041667, 4.000000, 8.000000, 1
1, 0.052632, 5.000000, 8.000000, 1
1, 0.052632, 5.000000, 8.000000, 1
7, 0.111111, 10.000000, 8.000000, 1
20, 0.428571, 30.000000, 8.000000, 1
20, 0.960784, 49.000000, 8.000000, 1
10, 1.380952, 58.000000, 8.000000, 1
20, 3.347826, 77.000000, 8.000000, 1
17, 6.692308, 87.000000, 8.000000, 1
20, 6.692308, 87.000000, 8.091954, 1
20, 6.692308, 87.000000, 8.091954, 1
20, 32.333333, 97.000000, 8.082474, 1
20, 32.333333, 97.000000, 8.082474, 1
20, 0.000000, 100.000000, 8.080000, 1
20, 0.000000, 100.000000, 11.760000, 1
20, 0.000000, 100.000000, 13.680000, 1
20, 0.000000, 100.000000, 20.240000, 1
20, 0.000000, 100.000000, 23.680000, 1
20, 0.000000, 100.000000, 49.680000, 1
3, 4.882353, 83.000000, 59.277108, 1
0, 1.702703, 63.000000, 72.507937, 1
0, 0.754386, 43.000000, 87.255814, 1
0, 0.298701, 23.000000, 141.217391, 1
0, 0.030928, 3.000000, 162.666667, 1
0, 0.000000, 0.000000, 0.000000, 1
0, 0.000000, 0.000000, 0.000000, 1
0, 0.000000, 0.000000, 0.000000, 1
0, 0.000000, 0.000000, 0.000000, 1
0, 0.000000, 0.000000, 0.000000, 1
0, 0.000000, 0.000000, 0.000000, 1
0, 0.000000, 0.000000, 0.000000, 1
0, 0.000000, 0.000000, 0.000000, 1
0, 0.000000, 0.000000, 0.000000, 1
0, 0.000000, 0.000000, 0.000000, 1
0, 0.000000, 0.000000, 0.000000, 1
0, 0.000000, 0.000000, 0.000000, 1
1, 0.010101, 1.000000, 96.000000, 1
0, 0.010101, 1.000000, 96.000000, 1
1, 0.020408, 2.000000, 176.000000, 1
2, 0.041667, 4.000000, 98.000000, 1
0, 0.041667, 4.000000, 98.000000, 1
0, 0.030928, 3.000000, 98.666667, 1
0, 0.030928, 3.000000, 98.666667, 1
0, 0.020408, 2.000000, 20.000000, 1
0, 0.000000, 0.000000, 0.000000, 1
0, 0.000000, 0.000000, 0.000000, 1
19, 0.234568, 19.000000, 25.263158, 1
20, 0.639344, 39.000000, 21.948718, 1
20, 1.439024, 59.000000, 18.847458, 1
20, 3.761905, 79.000000, 16.101266, 1
20, 99.000000, 99.000000, 14.464646, 1
20, 0.000000, 100.000000, 13.600000, 1
20, 0.000000, 100.000000, 14.880000, 1
20, 0.000000, 100.000000, 16.640000, 1
20, 0.000000, 100.000000, 18.480000, 1
20, 0.000000, 100.000000, 21.360000, 1
20, 0.000000, 100.000000, 19.600000, 1
20, 0.000000, 100.000000, 16.880000, 1
20, 0.000000, 100.000000, 15.120000, 1
20, 0.000000, 100.000000, 14.480000, 1
20, 0.000000, 100.000000, 13.440000, 1
20, 0.000000, 100.000000, 14.800000, 1
20, 0.000000, 100.000000, 14.400000, 1
20, 0.000000, 100.000000, 14.160000, 1
20, 0.000000, 100.000000, 15.280000, 1
20, 0.000000, 100.000000, 15.680000, 1
20, 0.000000, 100.000000, 13.920000, 1
20, 0.000000, 100.000000, 14.640000, 1
20, 0.000000, 100.000000, 15.680000, 1
20, 0.000000, 100.000000, 14.080000, 1
20, 0.000000, 100.000000, 13.120000, 1
20, 0.000000, 100.000000, 13.280000, 1
20, 0.000000, 100.000000, 13.360000, 1
20, 0.000000, 100.000000, 12.560000, 1
20, 0.000000, 100.000000, 12.160000, 1
20, 0.000000, 100.000000, 11.280000, 1
20, 0.000000, 100.000000, 11.280000, 1
20, 0.000000, 100.000000, 10.160000, 1
20, 0.000000, 100.000000, 10.000000, 1
20, 0.000000, 100.000000, 9.920000, 1
20, 0.000000, 100.000000, 9.920000, 1
20, 0.000000, 100.000000, 9.920000, 1
20, 0.000000, 100.000000, 10.080000, 1
20, 0.000000, 100.000000, 9.760000, 1
20, 0.000000, 100.000000, 10.080000, 1
17, 32.333333, 97.000000, 10.391753, 1
17, 15.666667, 94.000000, 10.127660, 1
20, 15.666667, 94.000000, 9.957447, 1
20, 15.666667, 94.000000, 9.702128, 1
20, 15.666667, 94.000000, 9.361702, 1
20, 32.333333, 97.000000, 9.237113, 1
20, 0.000000, 100.000000, 11.520000, 1
20, 0.000000, 100.000000, 13.120000, 1
20, 0.000000, 100.000000, 13.280000, 1
20, 0.000000, 100.000000, 14.240000, 1
20, 0.000000, 100.000000, 14.800000, 1
20, 0.000000, 100.000000, 13.200000, 1
20, 0.000000, 100.000000, 12.000000, 1
20, 0.000000, 100.000000, 14.480000, 1
20, 0.000000, 100.000000, 14.240000, 1
20, 0.000000, 100.000000, 16.480000, 1
20, 0.000000, 100.000000, 17.440000, 1
20, 0.000000, 100.000000, 17.840000, 1
20, 0.000000, 100.000000, 16.160000, 1
20, 0.000000, 100.000000, 16.480000, 1
20, 0.000000, 100.000000, 15.600000, 1
20, 0.000000, 100.000000, 15.200000, 1
20, 0.000000, 100.000000, 15.600000, 1
20, 0.000000, 100.000000, 16.160000, 1
20, 0.000000, 100.000000, 17.280000, 1
20, 0.000000, 100.000000, 15.600000, 1
20, 0.000000, 100.000000, 15.760000, 1
20, 0.000000, 100.000000, 16.160000, 1
20, 0.000000, 100.000000, 17.600000, 1
20, 0.000000, 100.000000, 15.600000, 1
20, 0.000000, 100.000000, 15.680000, 1
20, 0.000000, 100.000000, 14.640000, 1
20, 0.000000, 100.000000, 14.080000, 1
20, 0.000000, 100.000000, 11.920000, 1
20, 0.000000, 100.000000, 12.720000, 1
20, 0.000000, 100.000000, 12.400000, 1
20, 0.000000, 100.000000, 20.640000, 1
20, 0.000000, 100.000000, 20.320000, 1
20, 0.000000, 100.000000, 20.960000, 1
20, 0.000000, 100.000000, 21.280000, 1
20, 0.000000, 100.000000, 22.480000, 1
20, 0.000000, 100.000000, 14.400000, 1
20, 0.000000, 100.000000, 22.160000, 1
20, 0.000000, 100.000000, 23.280000, 1
20, 0.000000, 100.000000, 24.800000, 1
16, 24.000000, 96.000000, 25.583333, 1
20, 24.000000, 96.000000, 28.750000, 1
20, 24.000000, 96.000000, 22.750000, 1
20, 24.000000, 96.000000, 21.166667, 1
20, 24.000000, 96.000000, 20.833333, 1
20, 0.000000, 100.000000, 22.320000, 1
20, 0.000000, 100.000000, 22.960000, 1
20, 0.000000, 100.000000, 22.960000, 1
20, 0.000000, 100.000000, 25.120000, 1
20, 0.000000, 100.000000, 26.080000, 1
20, 0.000000, 100.000000, 27.920000, 1
20, 0.000000, 100.000000, 27.680000, 1
20, 0.000000, 100.000000, 28.320000, 1
20, 0.000000, 100.000000, 28.720000, 1
20, 0.000000, 100.000000, 27.760000, 1
20, 0.000000, 100.000000, 26.000000, 1
20, 0.000000, 100.000000, 27.440000, 1
20, 0.000000, 100.000000, 27.600000, 1
20, 0.000000, 100.000000, 28.800000, 1
20, 0.000000, 100.000000, 29.840000, 1
20, 0.000000, 100.000000, 28.800000, 1
20, 0.000000, 100.000000, 28.160000, 1
20, 0.000000, 100.000000, 27.760000, 1
20, 0.000000, 100.000000, 25.440000, 1
20, 0.000000, 100.000000, 25.040000, 1
20, 0.000000, 100.000000, 25.440000, 1
20, 0.000000, 100.000000, 23.680000, 1
20, 0.000000, 100.000000, 25.200000, 1
9, 8.090909, 89.000000, 26.337079, 1
2, 2.448276, 71.000000, 26.816901, 1
1, 1.083333, 52.000000, 27.692308, 1
1, 0.492537, 33.000000, 29.333333, 1
1, 0.162791, 14.000000, 25.714286, 1
1, 0.063830, 6.000000, 18.666667, 1
4, 0.086957, 8.000000, 25.000000, 1
0, 0.075269, 7.000000, 25.142857, 1
1, 0.075269, 7.000000, 26.285714, 1
0, 0.063830, 6.000000, 28.000000, 1
2, 0.075269, 7.000000, 28.571429, 1
3, 0.063830, 6.000000, 21.333333, 1
1, 0.075269, 7.000000, 22.857143, 1
0, 0.063830, 6.000000, 24.000000, 1
0, 0.063830, 6.000000, 24.000000, 1
0, 0.041667, 4.000000, 26.000000, 1
4, 0.052632, 5.000000, 35.200000, 1
1, 0.052632, 5.000000, 35.200000, 1
2, 0.075269, 7.000000, 49.142857, 1
0, 0.075269, 7.000000, 49.142857, 1
2, 0.098901, 9.000000, 42.666667, 1
2, 0.075269, 7.000000, 46.857143, 1
2, 0.086957, 8.000000, 40.000000, 1
1, 0.075269, 7.000000, 24.000000, 1
2, 0.098901, 9.000000, 23.111111, 1
2, 0.098901, 9.000000, 32.888889, 1
3, 0.111111, 10.000000, 25.600000, 1
2, 0.111111, 10.000000, 24.800000, 1
4, 0.149425, 13.000000, 23.384615, 1
1, 0.136364, 12.000000, 24.000000, 1
9, 0.234568, 19.000000, 20.210526, 1
20, 0.562500, 36.000000, 24.888889, 1
20, 1.173913, 54.000000, 26.666667, 1
20, 2.333333, 70.000000, 29.485714, 1
20, 8.090909, 89.000000, 28.674157, 1
20, 0.000000, 100.000000, 25.760000, 1
20, 0.000000, 100.000000, 24.960000, 1
20, 0.000000, 100.000000, 24.000000, 1
20, 0.000000, 100.000000, 23.200000, 1
20, 0.000000, 100.000000, 20.560000, 1
20, 0.000000, 100.000000, 22.640000, 1
20, 0.000000, 100.000000, 20.880000, 1
20, 0.000000, 100.000000, 19.440000, 1
20, 0.000000, 100.000000, 18.880000, 1
20, 0.000000, 100.000000, 20.080000, 1
20, 0.000000, 100.000000, 19.760000, 1
20, 0.000000, 100.000000, 20.320000, 1
20, 0.000000, 100.000000, 21.680000, 1
20, 0.000000, 100.000000, 22.320000, 1
20, 0.000000, 100.000000, 22.880000, 1
20, 0.000000, 100.000000, 22.880000, 1
20, 0.000000, 100.000000, 24.960000, 1
20, 0.000000, 100.000000, 25.680000, 1
20, 0.000000, 100.000000, 23.200000, 1
20, 0.000000, 100.000000, 23.040000, 1
20, 0.000000, 100.000000, 22.480000, 1
20, 0.000000, 100.000000, 20.800000, 1
20, 0.000000, 100.000000, 20.400000, 1
20, 0.000000, 100.000000, 20.480000, 1
20, 0.000000, 100.000000, 21.600000, 1
20, 0.000000, 100.000000, 21.760000, 1
20, 0.000000, 100.000000, 24.080000, 1
20, 0.000000, 100.000000, 24.640000, 1
20, 0.000000, 100.000000, 26.720000, 1
20, 0.000000, 100.000000, 26.720000, 1
20, 0.000000, 100.000000, 28.480000, 1
20, 0.000000, 100.000000, 26.160000, 1
20, 0.000000, 100.000000, 24.720000, 1
20, 0.000000, 100.000000, 22.800000, 1
20, 0.000000, 100.000000, 21.120000, 1
20, 0.000000, 100.000000, 19.840000, 1
20, 0.000000, 100.000000, 20.160000, 1
20, 0.000000, 100.000000, 20.320000, 1
20, 0.000000, 100.000000, 23.200000, 1
20, 0.000000, 100.000000, 24.080000, 1
20, 0.000000, 100.000000, 24.480000, 1
20, 0.000000, 100.000000, 24.480000, 1
20, 0.000000, 100.000000, 24.560000, 1
20, 0.000000, 100.000000, 22.400000, 1
20, 0.000000, 100.000000, 22.240000, 1
20, 0.000000, 100.000000, 22.000000, 1
20, 0.000000, 100.000000, 22.880000, 1
20, 0.000000, 100.000000, 26.640000, 1
20, 0.000000, 100.000000, 25.360000, 1
20, 0.000000, 100.000000, 24.960000, 1
20, 0.000000, 100.000000, 24.560000, 1
20, 0.000000, 100.000000, 22.480000, 1
20, 0.000000, 100.000000, 18.720000, 1
20, 0.000000, 100.000000, 20.320000, 1
20, 0.000000, 100.000000, 20.080000, 1
20, 0.000000, 100.000000, 20.000000, 1
20, 0.000000, 100.000000, 20.160000, 1
20, 0.000000, 100.000000, 19.440000, 1
20, 0.000000, 100.000000, 17.840000, 1
20, 0.000000, 100.000000, 19.360000, 1
17, 32.333333, 97.000000, 18.804124, 1
19, 24.000000, 96.000000, 20.166667, 1
20, 24.000000, 96.000000, 22.250000, 1
20, 24.000000, 96.000000, 23.333333, 1
20, 24.000000, 96.000000, 22.250000, 1
20, 99.000000, 99.000000, 28.121212, 1
20, 0.000000, 100.000000, 34.080000, 1
20, 0.000000, 100.000000, 35.840000, 1
20, 0.000000, 100.000000, 55.120000, 1
20, 0.000000, 100.000000, 66.400000, 1
20, 0.000000, 100.000000, 63.360000, 1
20, 0.000000, 100.000000, 55.440000, 1
20, 0.000000, 100.000000, 62.000000, 1
20, 0.000000, 100.000000, 41.520000, 1
20, 0.000000, 100.000000, 29.360000, 1
20, 0.000000, 100.000000, 27.200000, 1
20, 0.000000, 100.000000, 26.480000, 1
20, 0.000000, 100.000000, 14.240000, 1
20, 0.000000, 100.000000, 12.640000, 1
20, 0.000000, 100.000000, 11.040000, 1
20, 0.000000, 100.000000, 9.360000, 1
20, 0.000000, 100.000000, 8.960000, 1
20, 0.000000, 100.000000, 9.200000, 1
20, 0.000000, 100.000000, 9.120000, 1
7, 6.692308, 87.000000, 9.287356, 1
0, 2.030303, 67.000000, 8.358209, 1
1, 0.923077, 48.000000, 8.500000, 1
2, 0.428571, 30.000000, 8.000000, 1
0, 0.111111, 10.000000, 8.000000, 1
1, 0.041667, 4.000000, 8.000000, 1
4, 0.086957, 8.000000, 8.000000, 1
1, 0.086957, 8.000000, 8.000000, 1
3, 0.098901, 9.000000, 8.000000, 1
1, 0.111111, 10.000000, 8.000000, 1
13, 0.282051, 22.000000, 9.818182, 1
20, 0.612903, 38.000000, 9.263158, 1
20, 1.325581, 57.000000, 8.842105, 1
20, 2.846154, 74.000000, 9.621622, 1
20, 13.285714, 93.000000, 11.956989, 1
20, 0.000000, 100.000000, 14.160000, 1
20, 0.000000, 100.000000, 15.920000, 1
20, 0.000000, 100.000000, 19.120000, 1
20, 0.000000, 100.000000, 20.640000, 1
20, 0.000000, 100.000000, 21.040000, 1
20, 0.000000, 100.000000, 22.240000, 1
20, 0.000000, 100.000000, 22.880000, 1
20, 0.000000, 100.000000, 22.000000, 1
20, 0.000000, 100.000000, 22.320000, 1
20, 0.000000, 100.000000, 21.520000, 1
20, 0.000000, 100.000000, 18.320000, 1
20, 0.000000, 100.000000, 16.320000, 1
20, 0.000000, 100.000000, 15.840000, 1
20, 0.000000, 100.000000, 15.680000, 1
20, 0.000000, 100.000000, 15.760000, 1
20, 0.000000, 100.000000, 17.040000, 1
20, 0.000000, 100.000000, 16.640000, 1
2, 4.555556, 82.000000, 16.292683, 1
0, 1.631579, 62.000000, 15.096774, 1
0, 0.724138, 42.000000, 13.333333, 1
0, 0.282051, 22.000000, 8.363636, 1
0, 0.020408, 2.000000, 8.000000, 1
0, 0.000000, 0.000000, 0.000000, 1
0, 0.000000, 0.000000, 0.000000, 1
0, 0.000000, 0.000000, 0.000000, 1
0, 0.000000, 0.000000, 0.000000, 1
0, 0.000000, 0.000000, 0.000000, 1
0, 0.000000, 0.000000, 0.000000, 1
0, 0.000000, 0.000000, 0.000000, 1
0, 0.000000, 0.000000, 0.000000, 1
0, 0.000000, 0.000000, 0.000000, 1
0, 0.000000, 0.000000, 0.000000, 1
0, 0.000000, 0.000000, 0.000000, 1
0, 0.000000, 0.000000, 0.000000, 1
0, 0.000000, 0.000000, 0.000000, 1
0, 0.000000, 0.000000, 0.000000, 1
0, 0.000000, 0.000000, 0.000000, 1
0, 0.000000, 0.000000, 0.000000, 1
0, 0.000000, 0.000000, 0.000000, 1
0, 0.000000, 0.000000, 0.000000, 1
0, 0.000000, 0.000000, 0.000000, 1
0, 0.000000, 0.000000, 0.000000, 1
7, 0.075269, 7.000000, 8.000000, 1
20, 0.369863, 27.000000, 8.296296, 1
20, 0.886792, 47.000000, 10.553191, 1
20, 2.030303, 67.000000, 10.029851, 1
20, 6.692308, 87.000000, 12.229885, 1
20, 0.000000, 100.000000, 12.800000, 1
20, 0.000000, 100.000000, 15.920000, 1
20, 0.000000, 100.000000, 16.080000, 1
20, 0.000000, 100.000000, 17.360000, 1
20, 0.000000, 100.000000, 17.600000, 1
20, 0.000000, 100.000000, 18.720000, 1
20, 0.000000, 100.000000, 16.960000, 1
11, 10.111111, 91.000000, 17.318681, 1
0, 2.448276, 71.000000, 17.915493, 1
0, 1.040816, 51.000000, 16.784314, 1
2, 0.492537, 33.000000, 15.515152, 1
2, 0.176471, 15.000000, 16.000000, 1
0, 0.041667, 4.000000, 18.000000, 1
0, 0.041667, 4.000000, 18.000000, 1
2, 0.063830, 6.000000, 14.666667, 1
12, 0.190476, 16.000000, 11.000000, 1
20, 0.515152, 34.000000, 9.176471, 1
20, 1.173913, 54.000000, 8.740741, 1
20, 2.846154, 74.000000, 8.540541, 1
20, 11.500000, 92.000000, 8.434783, 1
20, 0.000000, 100.000000, 8.080000, 1
20, 0.000000, 100.000000, 11.360000, 1
20, 0.000000, 100.000000, 11.680000, 1
12, 11.500000, 92.000000, 13.913043, 0
0, 2.571429, 72.000000, 15.555556, 0
0, 1.083333, 52.000000, 18.461538, 0
0, 0.470588, 32.000000, 14.500000, 0
0, 0.136364, 12.000000, 22.666667, 0
0, 0.000000, 0.000000, 0.000000, 0
0, 0.000000, 0.000000, 0.000000, 0
0, 0.000000, 0.000000, 0.000000, 0
0, 0.000000, 0.000000, 0.000000, 0
0, 0.000000, 0.000000, 0.000000, 0
0, 0.000000, 0.000000, 0.000000, 0
0, 0.000000, 0.000000, 0.000000, 0
0, 0.000000, 0.000000, 0.000000, 0
0, 0.000000, 0.000000, 0.000000, 0
0, 0.000000, 0.000000, 0.000000, 0
0, 0.000000, 0.000000, 0.000000, 0
0, 0.000000, 0.000000, 0.000000, 0
0, 0.000000, 0.000000, 0.000000, 0
0, 0.000000, 0.000000, 0.000000, 0
0, 0.000000, 0.000000, 0.000000, 0
0, 0.000000, 0.000000, 0.000000, 0
0, 0.000000, 0.000000, 0.000000, 0
0, 0.000000, 0.000000, 0.000000, 0
0, 0.000000, 0.000000, 0.000000, 0
0, 0.000000, 0.000000, 0.000000, 0
0, 0.000000, 0.000000, 0.000000, 0
0, 0.000000, 0.000000, 0.000000, 0
0, 0.000000, 0.000000, 0.000000, 0
0, 0.000000, 0.000000, 0.000000, 0
0, 0.000000, 0.000000, 0.000000, 0
0, 0.000000, 0.000000, 0.000000, 0
0, 0.000000, 0.000000, 0.000000, 0
0, 0.000000, 0.000000, 0.000000, 0
0, 0.000000, 0.000000, 0.000000, 0
0, 0.000000, 0.000000, 0.000000, 0
0, 0.000000, 0.000000, 0.000000, 0
0, 0.000000, 0.000000, 0.000000, 0
0, 0.000000, 0.000000, 0.000000, 0
0, 0.000000, 0.000000, 0.000000, 0
0, 0.000000, 0.000000, 0.000000, 0
0, 0.000000, 0.000000, 0.000000, 0
0, 0.000000, 0.000000, 0.000000, 0
0, 0.000000, 0.000000, 0.000000, 0
0, 0.000000, 0.000000, 0.000000, 0
0, 0.000000, 0.000000, 0.000000, 0
0, 0.000000, 0.000000, 0.000000, 0
0, 0.000000, 0.000000, 0.000000, 0
0, 0.000000, 0.000000, 0.000000, 0
8, 0.086957, 8.000000, 62.000000, 0
0, 0.086957, 8.000000, 62.000000, 0
0, 0.086957, 8.000000, 62.000000, 0
0, 0.086957, 8.000000, 62.000000, 0
0, 0.086957, 8.000000, 62.000000, 0
0, 0.000000, 0.000000, 0.000000, 0
0, 0.000000, 0.000000, 0.000000, 0
0, 0.000000, 0.000000, 0.000000, 0
0, 0.000000, 0.000000, 0.000000, 0
0, 0.000000, 0.000000, 0.000000, 0
0, 0.000000, 0.000000, 0.000000, 0
0, 0.000000, 0.000000, 0.000000, 0
0, 0.000000, 0.000000, 0.000000, 0
0, 0.000000, 0.000000, 0.000000, 0
0, 0.000000, 0.000000, 0.000000, 0
0, 0.000000, 0.000000, 0.000000, 0
0, 0.000000, 0.000000, 0.000000, 0
0, 0.000000, 0.000000, 0.000000, 0
0, 0.000000, 0.000000, 0.000000, 0
0, 0.000000, 0.000000, 0.000000, 0
0, 0.000000, 0.000000, 0.000000, 0
13, 0.149425, 13.000000, 51.076923, 0
7, 0.250000, 20.000000, 67.200000, 0
2, 0.282051, 22.000000, 72.727273, 0
1, 0.298701, 23.000000, 75.130435, 0
3, 0.351351, 26.000000, 86.153846, 0
10, 0.298701, 23.000000, 157.565217, 0
0, 0.190476, 16.000000, 184.000000, 0
1, 0.176471, 15.000000, 196.266667, 0
0, 0.162791, 14.000000, 201.142857, 0
2, 0.149425, 13.000000, 195.076923, 0
0, 0.030928, 3.000000, 162.666667, 0
2, 0.052632, 5.000000, 121.600000, 0
1, 0.052632, 5.000000, 96.000000, 0
2, 0.075269, 7.000000, 141.714286, 0
0, 0.052632, 5.000000, 152.000000, 0
1, 0.063830, 6.000000, 148.000000, 0
8, 0.136364, 12.000000, 113.333333, 0
20, 0.449275, 31.000000, 97.032258, 0
5, 0.515152, 34.000000, 76.470588, 0
0, 0.515152, 34.000000, 76.470588, 0
0, 0.492537, 33.000000, 74.909091, 0
0, 0.333333, 25.000000, 75.200000, 0
3, 0.086957, 8.000000, 19.000000, 0
0, 0.030928, 3.000000, 16.000000, 0
0, 0.030928, 3.000000, 16.000000, 0
0, 0.030928, 3.000000, 16.000000, 0
0, 0.030928, 3.000000, 16.000000, 0
0, 0.000000, 0.000000, 0.000000, 0
0, 0.000000, 0.000000, 0.000000, 0
0, 0.000000, 0.000000, 0.000000, 0
1, 0.010101, 1.000000, 128.000000, 0
4, 0.052632, 5.000000, 36.800000, 0
18, 0.298701, 23.000000, 36.869565, 0
8, 0.449275, 31.000000, 33.806452, 0
0, 0.449275, 31.000000, 33.806452, 0
0, 0.428571, 30.000000, 30.666667, 0
0, 0.351351, 26.000000, 33.230769, 0
0, 0.086957, 8.000000, 25.000000, 0
0, 0.000000, 0.000000, 0.000000, 0
0, 0.000000, 0.000000, 0.000000, 0
0, 0.000000, 0.000000, 0.000000, 0
0, 0.000000, 0.000000, 0.000000, 0
0, 0.000000, 0.000000, 0.000000, 0
0, 0.000000, 0.000000, 0.000000, 0
0, 0.000000, 0.000000, 0.000000, 0
0, 0.000000, 0.000000, 0.000000, 0
0, 0.000000, 0.000000, 0.000000, 0
0, 0.000000, 0.000000, 0.000000, 0
1, 0.010101, 1.000000, 32.000000, 0
8, 0.098901, 9.000000, 17.777778, 0
20, 0.408451, 29.000000, 11.034483, 0
20, 0.960784, 49.000000, 9.795918, 0
20, 2.225806, 69.000000, 9.507246, 0
8, 3.166667, 76.000000, 9.052632, 0
12, 4.000000, 80.000000, 8.200000, 0
20, 4.000000, 80.000000, 8.300000, 0
20, 4.000000, 80.000000, 8.400000, 0
20, 4.000000, 80.000000, 8.200000, 0
20, 11.500000, 92.000000, 8.173913, 0
13, 13.285714, 93.000000, 8.430108, 0
18, 10.111111, 91.000000, 9.846154, 0
20, 10.111111, 91.000000, 16.527473, 0
20, 10.111111, 91.000000, 17.230769, 0
20, 10.111111, 91.000000, 99.252747, 0
20, 49.000000, 98.000000, 241.469388, 0
0, 4.000000, 80.000000, 292.300000, 0
0, 1.500000, 60.000000, 376.800000, 0
0, 0.666667, 40.000000, 559.600000, 0
0, 0.250000, 20.000000, 738.000000, 0
0, 0.000000, 0.000000, 0.000000, 0
0, 0.000000, 0.000000, 0.000000, 0
0, 0.000000, 0.000000, 0.000000, 0
0, 0.000000, 0.000000, 0.000000, 0
10, 0.111111, 10.000000, 11.200000, 0
20, 0.428571, 30.000000, 12.800000, 0
20, 1.000000, 50.000000, 19.360000, 0
4, 1.173913, 54.000000, 20.296296, 0
14, 2.125000, 68.000000, 20.352941, 0
18, 3.166667, 76.000000, 26.000000, 0
13, 2.225806, 69.000000, 28.405797, 0
0, 0.960784, 49.000000, 28.081633, 0
14, 1.439024, 59.000000, 33.898305, 0
20, 1.857143, 65.000000, 31.261538, 0
18, 1.857143, 65.000000, 24.615385, 0
17, 2.225806, 69.000000, 22.260870, 0
20, 8.090909, 89.000000, 22.651685, 0
20, 19.000000, 95.000000, 21.894737, 0
9, 5.250000, 84.000000, 23.809524, 0
0, 1.941176, 66.000000, 26.181818, 0
0, 0.960784, 49.000000, 31.346939, 0
1, 0.428571, 30.000000, 35.733333, 0
0, 0.111111, 10.000000, 25.600000, 0
0, 0.010101, 1.000000, 16.000000, 0
0, 0.010101, 1.000000, 16.000000, 0
0, 0.010101, 1.000000, 16.000000, 0
0, 0.000000, 0.000000, 0.000000, 0
0, 0.000000, 0.000000, 0.000000, 0
0, 0.000000, 0.000000, 0.000000, 0
0, 0.000000, 0.000000, 0.000000, 0
0, 0.000000, 0.000000, 0.000000, 0
0, 0.000000, 0.000000, 0.000000, 0
6, 0.063830, 6.000000, 16.000000, 0
10, 0.190476, 16.000000, 12.500000, 0
0, 0.190476, 16.000000, 12.500000, 0
0, 0.190476, 16.000000, 12.500000, 0
0, 0.190476, 16.000000, 12.500000, 0
9, 0.234568, 19.000000, 13.473684, 0
1, 0.111111, 10.000000, 16.000000, 0
9, 0.234568, 19.000000, 15.157895, 0
1, 0.250000, 20.000000, 14.800000, 0
12, 0.470588, 32.000000, 16.000000, 0
13, 0.562500, 36.000000, 13.111111, 0
8, 0.754386, 43.000000, 14.697674, 0
16, 1.000000, 50.000000, 17.600000, 0
18, 2.030303, 67.000000, 16.716418, 0
11, 1.941176, 66.000000, 19.757576, 0
0, 1.127660, 53.000000, 22.490566, 0
0, 0.818182, 45.000000, 22.755556, 0
5, 0.515152, 34.000000, 32.470588, 0
20, 0.562500, 36.000000, 44.000000, 0
20, 0.818182, 45.000000, 32.177778, 0
20, 1.857143, 65.000000, 27.938462, 0
20, 5.666667, 85.000000, 26.823529, 0
20, 0.000000, 100.000000, 27.200000, 0
20, 0.000000, 100.000000, 22.160000, 0
13, 13.285714, 93.000000, 24.086022, 0
12, 5.666667, 85.000000, 24.847059, 0
10, 3.000000, 75.000000, 25.920000, 0
19, 2.846154, 74.000000, 18.486486, 0
15, 2.225806, 69.000000, 21.449275, 0
8, 1.777778, 64.000000, 20.750000, 0
19, 2.448276, 71.000000, 21.408451, 0
0, 1.564103, 61.000000, 20.065574, 0
0, 0.724138, 42.000000, 21.523810, 0
0, 0.369863, 27.000000, 21.037037, 0
13, 0.470588, 32.000000, 19.250000, 0
0, 0.149425, 13.000000, 14.153846, 0
20, 0.492537, 33.000000, 14.545455, 0
18, 1.040816, 51.000000, 13.803922, 0
7, 1.380952, 58.000000, 14.344828, 0
19, 1.777778, 64.000000, 14.875000, 0
5, 2.225806, 69.000000, 15.188406, 0
6, 1.222222, 55.000000, 16.290909, 0
19, 1.272727, 56.000000, 20.285714, 0
14, 1.702703, 63.000000, 23.238095, 0
14, 1.380952, 58.000000, 24.275862, 0
20, 2.703704, 73.000000, 24.767123, 0
16, 4.882353, 83.000000, 23.228916, 0
17, 4.263158, 81.000000, 24.000000, 0
12, 3.761905, 79.000000, 21.063291, 0
17, 4.555556, 82.000000, 21.951220, 0
11, 2.703704, 73.000000, 22.575342, 0
20, 3.347826, 77.000000, 22.233766, 0
20, 4.000000, 80.000000, 18.900000, 0
13, 4.263158, 81.000000, 17.876543, 0
0, 1.777778, 64.000000, 16.625000, 0
0, 1.127660, 53.000000, 13.584906, 0
12, 0.818182, 45.000000, 11.200000, 0
20, 0.818182, 45.000000, 8.888889, 0
14, 0.851852, 46.000000, 8.869565, 0
14, 1.500000, 60.000000, 12.800000, 0
0, 1.500000, 60.000000, 12.800000, 0
7, 1.222222, 55.000000, 13.090909, 0
13, 0.923077, 48.000000, 16.500000, 0
20, 1.173913, 54.000000, 16.740741, 0
20, 1.500000, 60.000000, 13.066667, 0
7, 2.030303, 67.000000, 14.447761, 0
16, 3.166667, 76.000000, 16.631579, 0
19, 4.555556, 82.000000, 14.926829, 0
19, 4.263158, 81.000000, 15.407407, 0
11, 2.571429, 72.000000, 16.666667, 0
17, 4.555556, 82.000000, 17.463415, 0
18, 5.250000, 84.000000, 18.190476, 0
11, 3.166667, 76.000000, 19.578947, 0
18, 3.000000, 75.000000, 27.520000, 0
5, 2.225806, 69.000000, 30.724638, 0
0, 1.083333, 52.000000, 32.769231, 0
0, 0.515152, 34.000000, 36.705882, 0
12, 0.538462, 35.000000, 61.942857, 0
12, 0.408451, 29.000000, 73.655172, 0
12, 0.562500, 36.000000, 87.333333, 0
11, 0.886792, 47.000000, 80.340426, 0
3, 1.000000, 50.000000, 78.560000, 0
0, 0.612903, 38.000000, 74.736842, 0
16, 0.724138, 42.000000, 62.476190, 0
7, 0.587302, 37.000000, 46.270270, 0
7, 0.492537, 33.000000, 62.545455, 0
19, 0.960784, 49.000000, 56.000000, 0
16, 1.857143, 65.000000, 45.292308, 0
0, 0.960784, 49.000000, 48.163265, 0
0, 0.724138, 42.000000, 48.000000, 0
13, 0.923077, 48.000000, 24.666667, 0
20, 0.960784, 49.000000, 16.000000, 0
20, 1.127660, 53.000000, 21.886792, 0
20, 2.703704, 73.000000, 23.342466, 0
20, 13.285714, 93.000000, 24.860215, 0
20, 0.000000, 100.000000, 37.760000, 0
15, 19.000000, 95.000000, 46.821053, 0
10, 5.666667, 85.000000, 48.847059, 0
15, 4.000000, 80.000000, 48.500000, 0
17, 3.347826, 77.000000, 45.714286, 0
11, 2.125000, 68.000000, 31.882353, 0
17, 2.333333, 70.000000, 18.057143, 0
20, 4.000000, 80.000000, 17.000000, 0
20, 5.666667, 85.000000, 23.717647, 0
18, 6.142857, 86.000000, 39.348837, 0
10, 5.666667, 85.000000, 45.458824, 0
20, 7.333333, 88.000000, 49.818182, 0
20, 7.333333, 88.000000, 50.454545, 0
10, 3.545455, 78.000000, 49.230769, 0
20, 4.000000, 80.000000, 32.400000, 0
18, 7.333333, 88.000000, 31.000000, 0
14, 4.555556, 82.000000, 28.292683, 0
20, 4.555556, 82.000000, 30.048780, 0
18, 9.000000, 90.000000, 34.044444, 0
15, 5.666667, 85.000000, 35.952941, 0
20, 6.692308, 87.000000, 30.804598, 0
9, 4.555556, 82.000000, 30.439024, 0
0, 1.631579, 62.000000, 30.967742, 0
0, 0.785714, 44.000000, 22.545455, 0
0, 0.408451, 29.000000, 21.793103, 0
6, 0.176471, 15.000000, 14.400000, 0
20, 0.351351, 26.000000, 17.846154, 0
18, 0.785714, 44.000000, 22.000000, 0
12, 1.272727, 56.000000, 28.571429, 0
18, 2.846154, 74.000000, 32.432432, 0
9, 3.347826, 77.000000, 34.077922, 0
16, 2.703704, 73.000000, 39.561644, 0
11, 1.941176, 66.000000, 43.030303, 0
10, 1.777778, 64.000000, 40.000000, 0
17, 1.702703, 63.000000, 38.349206, 0
7, 1.564103, 61.000000, 41.180328, 0
14, 1.439024, 59.000000, 39.864407, 0
15, 1.702703, 63.000000, 36.317460, 0
12, 1.857143, 65.000000, 35.446154, 0
0, 0.923077, 48.000000, 34.333333, 0
0, 0.694915, 41.000000, 30.243902, 0
15, 0.724138, 42.000000, 34.285714, 0
12, 0.639344, 39.000000, 35.487179, 0
20, 0.886792, 47.000000, 30.468085, 0
8, 1.222222, 55.000000, 30.545455, 0
17, 2.571429, 72.000000, 29.222222, 0
15, 2.571429, 72.000000, 25.222222, 0
16, 3.166667, 76.000000, 28.842105, 0
11, 2.030303, 67.000000, 30.925373, 0
8, 2.030303, 67.000000, 30.208955, 0
20, 2.333333, 70.000000, 29.028571, 0
11, 1.941176, 66.000000, 34.424242, 0
0, 1.000000, 50.000000, 31.200000, 0
0, 0.639344, 39.000000, 32.410256, 0
2, 0.492537, 33.000000, 32.969697, 0
20, 0.492537, 33.000000, 35.878788, 0
6, 0.388889, 28.000000, 29.714286, 0
20, 0.923077, 48.000000, 29.166667, 0
10, 1.380952, 58.000000, 27.310345, 0
18, 2.846154, 74.000000, 31.783784, 0
14, 2.125000, 68.000000, 30.235294, 0
16, 3.545455, 78.000000, 28.923077, 0
13, 2.448276, 71.000000, 30.422535, 0
12, 2.703704, 73.000000, 31.561644, 0
18, 2.703704, 73.000000, 26.958904, 0
18, 3.347826, 77.000000, 41.766234, 0
15, 3.166667, 76.000000, 37.578947, 0
20, 4.882353, 83.000000, 32.771084, 0
20, 10.111111, 91.000000, 34.461538, 0
20, 13.285714, 93.000000, 36.301075, 0
20, 19.000000, 95.000000, 26.189474, 0
20, 0.000000, 100.000000, 27.440000, 0
20, 0.000000, 100.000000, 31.840000, 0
6, 6.142857, 86.000000, 31.906977, 0
0, 1.941176, 66.000000, 31.030303, 0
0, 0.851852, 46.000000, 31.652174, 0
0, 0.351351, 26.000000, 41.538462, 0
6, 0.136364, 12.000000, 46.666667, 0
11, 0.204819, 17.000000, 31.058824, 0
19, 0.562500, 36.000000, 46.444444, 0
10, 0.851852, 46.000000, 50.260870, 0
10, 1.272727, 56.000000, 45.428571, 0
11, 1.564103, 61.000000, 51.934426, 0
18, 2.125000, 68.000000, 48.352941, 0
13, 1.631579, 62.000000, 49.806452, 0
0, 1.083333, 52.000000, 47.076923, 0
0, 0.724138, 42.000000, 52.761905, 0
0, 0.449275, 31.000000, 43.096774, 0
18, 0.449275, 31.000000, 53.419355, 0
18, 0.562500, 36.000000, 28.000000, 0
20, 1.272727, 56.000000, 23.285714, 0
20, 3.166667, 76.000000, 31.578947, 0
18, 15.666667, 94.000000, 29.957447, 0
20, 24.000000, 96.000000, 26.083333, 0
20, 49.000000, 98.000000, 26.530612, 0
18, 24.000000, 96.000000, 31.666667, 0
20, 24.000000, 96.000000, 25.166667, 0
20, 49.000000, 98.000000, 22.448980, 0
20, 49.000000, 98.000000, 25.632653, 0
18, 24.000000, 96.000000, 28.833333, 0
20, 49.000000, 98.000000, 24.326531, 0
19, 32.333333, 97.000000, 24.082474, 0
7, 5.250000, 84.000000, 27.142857, 0
18, 4.555556, 82.000000, 25.853659, 0
20, 5.250000, 84.000000, 26.571429, 0
20, 5.250000, 84.000000, 30.571429, 0
20, 5.666667, 85.000000, 33.317647, 0
20, 49.000000, 98.000000, 33.224490, 0
20, 0.000000, 100.000000, 38.240000, 0
20, 0.000000, 100.000000, 37.120000, 0
20, 0.000000, 100.000000, 34.000000, 0
20, 0.000000, 100.000000, 38.960000, 0
20, 0.000000, 100.000000, 41.680000, 0
20, 0.000000, 100.000000, 39.920000, 0
20, 0.000000, 100.000000, 41.440000, 0
20, 0.000000, 100.000000, 45.200000, 0
20, 0.000000, 100.000000, 41.520000, 0
20, 0.000000, 100.000000, 37.600000, 0
20, 0.000000, 100.000000, 40.640000, 0
20, 0.000000, 100.000000, 39.680000, 0
20, 0.000000, 100.000000, 40.080000, 0
20, 0.000000, 100.000000, 36.080000, 0
20, 0.000000, 100.000000, 47.280000, 0
20, 0.000000, 100.000000, 40.800000, 0
20, 0.000000, 100.000000, 38.640000, 0
20, 0.000000, 100.000000, 43.040000, 0
20, 0.000000, 100.000000, 46.320000, 0
20, 0.000000, 100.000000, 37.360000, 0
20, 0.000000, 100.000000, 40.560000, 0
20, 0.000000, 100.000000, 41.440000, 0
20, 0.000000, 100.000000, 34.720000, 0
20, 0.000000, 100.000000, 32.560000, 0
20, 0.000000, 100.000000, 30.800000, 0
20, 0.000000, 100.000000, 27.600000, 0
20, 0.000000, 100.000000, 28.880000, 0
20, 0.000000, 100.000000, 30.080000, 0
20, 0.000000, 100.000000, 31.360000, 0
20, 0.000000, 100.000000, 33.440000, 0
20, 0.000000, 100.000000, 32.640000, 0
20, 0.000000, 100.000000, 34.080000, 0
20, 0.000000, 100.000000, 37.840000, 0
20, 0.000000, 100.000000, 42.640000, 0
20, 0.000000, 100.000000, 42.000000, 0
20, 0.000000, 100.000000, 45.760000, 0
20, 0.000000, 100.000000, 55.680000, 0
20, 0.000000, 100.000000, 51.440000, 0
20, 0.000000, 100.000000, 46.480000, 0
20, 0.000000, 100.000000, 50.240000, 0
20, 0.000000, 100.000000, 47.280000, 0
20, 0.000000, 100.000000, 38.000000, 0
20, 0.000000, 100.000000, 38.400000, 0
20, 0.000000, 100.000000, 39.040000, 0
20, 0.000000, 100.000000, 39.040000, 0
20, 0.000000, 100.000000, 39.680000, 0
20, 0.000000, 100.000000, 38.240000, 0
20, 0.000000, 100.000000, 39.520000, 0
20, 0.000000, 100.000000, 37.760000, 0
20, 0.000000, 100.000000, 32.320000, 0
20, 0.000000, 100.000000, 33.360000, 0
20, 0.000000, 100.000000, 30.880000, 0
20, 0.000000, 100.000000, 30.400000, 0
20, 0.000000, 100.000000, 31.840000, 0
20, 0.000000, 100.000000, 35.040000, 0
20, 0.000000, 100.000000, 34.880000, 0
20, 0.000000, 100.000000, 36.320000, 0
20, 0.000000, 100.000000, 34.640000, 0
20, 0.000000, 100.000000, 33.360000, 0
20, 0.000000, 100.000000, 33.280000, 0
20, 0.000000, 100.000000, 31.120000, 0
20, 0.000000, 100.000000, 33.200000, 0
20, 0.000000, 100.000000, 37.200000, 0
20, 0.000000, 100.000000, 38.560000, 0
20, 0.000000, 100.000000, 41.520000, 0
20, 0.000000, 100.000000, 42.160000, 0
20, 0.000000, 100.000000, 44.480000, 0
20, 0.000000, 100.000000, 40.880000, 0
20, 0.000000, 100.000000, 40.320000, 0
20, 0.000000, 100.000000, 38.720000, 0
20, 0.000000, 100.000000, 40.720000, 0
20, 0.000000, 100.000000, 37.360000, 0
20, 0.000000, 100.000000, 40.480000, 0
20, 0.000000, 100.000000, 41.520000, 0
20, 0.000000, 100.000000, 39.280000, 0
20, 0.000000, 100.000000, 37.840000, 0
20, 0.000000, 100.000000, 35.520000, 0
20, 0.000000, 100.000000, 31.440000, 0
20, 0.000000, 100.000000, 32.480000, 0
20, 0.000000, 100.000000, 30.240000, 0
20, 0.000000, 100.000000, 30.080000, 0
20, 0.000000, 100.000000, 31.600000, 0
20, 0.000000, 100.000000, 49.840000, 0
20, 0.000000, 100.000000, 47.280000, 0
20, 0.000000, 100.000000, 53.360000, 0
20, 0.000000, 100.000000, 69.360000, 0
20, 0.000000, 100.000000, 91.440000, 0
20, 0.000000, 100.000000, 73.040000, 0
20, 0.000000, 100.000000, 72.000000, 0
20, 0.000000, 100.000000, 72.720000, 0
20, 0.000000, 100.000000, 56.240000, 0
20, 0.000000, 100.000000, 33.200000, 0
20, 0.000000, 100.000000, 33.520000, 0
20, 0.000000, 100.000000, 34.960000, 0
20, 0.000000, 100.000000, 30.000000, 0
20, 0.000000, 100.000000, 29.440000, 0
20, 0.000000, 100.000000, 29.760000, 0
20, 0.000000, 100.000000, 32.480000, 0
20, 0.000000, 100.000000, 32.800000, 0
20, 0.000000, 100.000000, 31.840000, 0
20, 0.000000, 100.000000, 33.120000, 0
20, 0.000000, 100.000000, 34.480000, 0
20, 0.000000, 100.000000, 33.280000, 0
20, 0.000000, 100.000000, 31.840000, 0
20, 0.000000, 100.000000, 30.640000, 0
20, 0.000000, 100.000000, 36.880000, 0
20, 0.000000, 100.000000, 36.160000, 0
20, 0.000000, 100.000000, 35.920000, 0
20, 0.000000, 100.000000, 37.120000, 0
20, 0.000000, 100.000000, 43.600000, 0
20, 0.000000, 100.000000, 38.640000, 0
20, 0.000000, 100.000000, 43.840000, 0
20, 0.000000, 100.000000, 45.040000, 0
20, 0.000000, 100.000000, 50.080000, 0
20, 0.000000, 100.000000, 47.600000, 0
20, 0.000000, 100.000000, 48.960000, 0
20, 0.000000, 100.000000, 41.360000, 0
20, 0.000000, 100.000000, 44.080000, 0
20, 0.000000, 100.000000, 40.080000, 0
20, 0.000000, 100.000000, 38.560000, 0
20, 0.000000, 100.000000, 36.800000, 0
20, 0.000000, 100.000000, 39.440000, 0
20, 0.000000, 100.000000, 35.760000, 0
20, 0.000000, 100.000000, 37.200000, 0
20, 0.000000, 100.000000, 35.920000, 0
20, 0.000000, 100.000000, 35.120000, 0
20, 0.000000, 100.000000, 33.360000, 0
20, 0.000000, 100.000000, 32.400000, 0
20, 0.000000, 100.000000, 32.480000, 0
20, 0.000000, 100.000000, 33.440000, 0
20, 0.000000, 100.000000, 34.160000, 0
20, 0.000000, 100.000000, 34.800000, 0
20, 0.000000, 100.000000, 35.680000, 0
20, 0.000000, 100.000000, 33.120000, 0
20, 0.000000, 100.000000, 38.080000, 0
20, 0.000000, 100.000000, 36.320000, 0
20, 0.000000, 100.000000, 44.480000, 0
20, 0.000000, 100.000000, 46.320000, 0
20, 0.000000, 100.000000, 52.640000, 0
20, 0.000000, 100.000000, 49.600000, 0
20, 0.000000, 100.000000, 53.680000, 0
20, 0.000000, 100.000000, 48.320000, 0
20, 0.000000, 100.000000, 48.160000, 0
20, 0.000000, 100.000000, 42.800000, 0
20, 0.000000, 100.000000, 40.400000, 0
20, 0.000000, 100.000000, 42.720000, 0
20, 0.000000, 100.000000, 38.800000, 0
20, 0.000000, 100.000000, 74.080000, 0
20, 0.000000, 100.000000, 76.560000, 0
20, 0.000000, 100.000000, 88.720000, 0
20, 0.000000, 100.000000, 82.160000, 0
20, 0.000000, 100.000000, 87.280000, 0
20, 0.000000, 100.000000, 48.560000, 0
20, 0.000000, 100.000000, 47.520000, 0
20, 0.000000, 100.000000, 34.640000, 0
20, 0.000000, 100.000000, 34.240000, 0
20, 0.000000, 100.000000, 34.080000, 0
20, 0.000000, 100.000000, 38.640000, 0
20, 0.000000, 100.000000, 35.440000, 0
20, 0.000000, 100.000000, 50.240000, 0
20, 0.000000, 100.000000, 53.040000, 0
20, 0.000000, 100.000000, 53.440000, 0
20, 0.000000, 100.000000, 50.880000, 0
20, 0.000000, 100.000000, 52.080000, 0
20, 0.000000, 100.000000, 38.080000, 0
20, 0.000000, 100.000000, 40.000000, 0
20, 0.000000, 100.000000, 37.440000, 0
20, 0.000000, 100.000000, 36.320000, 0
20, 0.000000, 100.000000, 42.080000, 0
20, 0.000000, 100.000000, 40.320000, 0
20, 0.000000, 100.000000, 43.440000, 0
20, 0.000000, 100.000000, 58.160000, 0
20, 0.000000, 100.000000, 64.240000, 0
20, 0.000000, 100.000000, 59.040000, 0
20, 0.000000, 100.000000, 76.080000, 0
20, 0.000000, 100.000000, 79.600000, 0
20, 0.000000, 100.000000, 75.200000, 0
20, 0.000000, 100.000000, 83.120000, 0
20, 0.000000, 100.000000, 96.000000, 0
20, 0.000000, 100.000000, 91.520000, 0
20, 0.000000, 100.000000, 91.440000, 0
20, 0.000000, 100.000000, 91.360000, 0
20, 0.000000, 100.000000, 84.240000, 0
20, 0.000000, 100.000000, 80.400000, 0
20, 0.000000, 100.000000, 88.960000, 0
20, 0.000000, 100.000000, 88.960000, 0
20, 0.000000, 100.000000, 84.000000, 0
20, 0.000000, 100.000000, 89.520000, 0
20, 0.000000, 100.000000, 91.360000, 0
20, 0.000000, 100.000000, 79.440000, 0
20, 0.000000, 100.000000, 96.960000, 0
20, 0.000000, 100.000000, 95.760000, 0
20, 0.000000, 100.000000, 95.520000, 0
20, 0.000000, 100.000000, 99.200000, 0
20, 0.000000, 100.000000, 104.080000, 0
20, 0.000000, 100.000000, 85.760000, 0
20, 0.000000, 100.000000, 85.920000, 0
20, 0.000000, 100.000000, 83.600000, 0
20, 0.000000, 100.000000, 82.000000, 0
20, 0.000000, 100.000000, 79.200000, 0
20, 0.000000, 100.000000, 98.960000, 0
20, 0.000000, 100.000000, 107.120000, 0
20, 0.000000, 100.000000, 124.320000, 0
20, 0.000000, 100.000000, 122.000000, 0
20, 0.000000, 100.000000, 127.360000, 0
20, 0.000000, 100.000000, 122.320000, 0
20, 0.000000, 100.000000, 120.160000, 0
20, 0.000000, 100.000000, 108.160000, 0
20, 0.000000, 100.000000, 115.120000, 0
20, 0.000000, 100.000000, 115.920000, 0
20, 0.000000, 100.000000, 114.320000, 0
20, 0.000000, 100.000000, 111.600000, 0
20, 0.000000, 100.000000, 106.160000, 0
20, 0.000000, 100.000000, 104.480000, 0
20, 0.000000, 100.000000, 91.200000, 0
20, 0.000000, 100.000000, 91.840000, 0
20, 0.000000, 100.000000, 93.040000, 0
20, 0.000000, 100.000000, 99.760000, 0
20, 0.000000, 100.000000, 87.360000, 0
20, 0.000000, 100.000000, 86.160000, 0
20, 0.000000, 100.000000, 62.240000, 0
20, 0.000000, 100.000000, 56.640000, 0
20, 0.000000, 100.000000, 42.560000, 0
13, 13.285714, 93.000000, 45.763441, 0
13, 6.142857, 86.000000, 43.069767, 0
20, 6.142857, 86.000000, 41.953488, 0
20, 6.142857, 86.000000, 34.325581, 0
20, 6.142857, 86.000000, 28.279070, 0
20, 13.285714, 93.000000, 21.333333, 0
20, 0.000000, 100.000000, 29.600000, 0
20, 0.000000, 100.000000, 33.280000, 0
20, 0.000000, 100.000000, 39.280000, 0
20, 0.000000, 100.000000, 44.480000, 0
20, 0.000000, 100.000000, 44.400000, 0
20, 0.000000, 100.000000, 36.880000, 0
20, 0.000000, 100.000000, 37.040000, 0
20, 0.000000, 100.000000, 45.360000, 0
20, 0.000000, 100.000000, 42.880000, 0
20, 0.000000, 100.000000, 44.480000, 0
20, 0.000000, 100.000000, 46.480000, 0
20, 0.000000, 100.000000, 45.760000, 0
20, 0.000000, 100.000000, 33.040000, 0
20, 0.000000, 100.000000, 36.640000, 0
20, 0.000000, 100.000000, 34.880000, 0
20, 0.000000, 100.000000, 34.880000, 0
20, 0.000000, 100.000000, 43.200000, 0
20, 0.000000, 100.000000, 46.320000, 0
20, 0.000000, 100.000000, 42.720000, 0
20, 0.000000, 100.000000, 42.320000, 0
20, 0.000000, 100.000000, 41.760000, 0
20, 0.000000, 100.000000, 33.280000, 0
20, 0.000000, 100.000000, 33.680000, 0
20, 0.000000, 100.000000, 33.600000, 0
20, 0.000000, 100.000000, 34.160000, 0
20, 0.000000, 100.000000, 33.360000, 0
20, 0.000000, 100.000000, 35.840000, 0
20, 0.000000, 100.000000, 34.080000, 0
20, 0.000000, 100.000000, 34.880000, 0
20, 0.000000, 100.000000, 36.240000, 0
20, 0.000000, 100.000000, 43.360000, 0
20, 0.000000, 100.000000, 40.960000, 0
20, 0.000000, 100.000000, 43.120000, 0
20, 0.000000, 100.000000, 43.840000, 0
20, 0.000000, 100.000000, 44.480000, 0
20, 0.000000, 100.000000, 42.960000, 0
20, 0.000000, 100.000000, 42.640000, 0
20, 0.000000, 100.000000, 39.840000, 0
20, 0.000000, 100.000000, 43.440000, 0
20, 0.000000, 100.000000, 72.640000, 0
20, 0.000000, 100.000000, 67.440000, 0
20, 0.000000, 100.000000, 69.840000, 0
20, 0.000000, 100.000000, 72.400000, 0
20, 0.000000, 100.000000, 67.760000, 0
20, 0.000000, 100.000000, 39.200000, 0
20, 0.000000, 100.000000, 44.880000, 0
20, 0.000000, 100.000000, 43.280000, 0
20, 0.000000, 100.000000, 41.600000, 0
20, 0.000000, 100.000000, 43.120000, 0
20, 0.000000, 100.000000, 42.640000, 0
20, 0.000000, 100.000000, 58.960000, 0
20, 0.000000, 100.000000, 64.640000, 0
2, 4.555556, 82.000000, 69.463415, 0
0, 1.631579, 62.000000, 79.483871, 0
1, 0.754386, 43.000000, 96.744186, 0
0, 0.298701, 23.000000, 62.956522, 0
1, 0.041667, 4.000000, 26.000000, 0
0, 0.020408, 2.000000, 44.000000, 0
0, 0.020408, 2.000000, 44.000000, 0
0, 0.010101, 1.000000, 24.000000, 0
0, 0.010101, 1.000000, 24.000000, 0
0, 0.000000, 0.000000, 0.000000, 0
4, 0.041667, 4.000000, 58.000000, 0
18, 0.282051, 22.000000, 37.454545, 0
20, 0.724138, 42.000000, 31.047619, 0
20, 1.631579, 62.000000, 70.451613, 0
20, 4.555556, 82.000000, 60.000000, 0
13, 10.111111, 91.000000, 57.142857, 0
0, 2.703704, 73.000000, 63.123288, 0
0, 1.127660, 53.000000, 77.886792, 0
0, 0.492537, 33.000000, 32.242424, 0
0, 0.149425, 13.000000, 39.384615, 0
0, 0.000000, 0.000000, 0.000000, 0
0, 0.000000, 0.000000, 0.000000, 0
0, 0.000000, 0.000000, 0.000000, 0
0, 0.000000, 0.000000, 0.000000, 0
0, 0.000000, 0.000000, 0.000000, 0
0, 0.000000, 0.000000, 0.000000, 0
0, 0.000000, 0.000000, 0.000000, 0
0, 0.000000, 0.000000, 0.000000, 0
0, 0.000000, 0.000000, 0.000000, 0
0, 0.000000, 0.000000, 0.000000, 0
0, 0.000000, 0.000000, 0.000000, 0
0, 0.000000, 0.000000, 0.000000, 0
0, 0.000000, 0.000000, 0.000000, 0
0, 0.000000, 0.000000, 0.000000, 0
0, 0.000000, 0.000000, 0.000000, 0
0, 0.000000, 0.000000, 0.000000, 0
0, 0.000000, 0.000000, 0.000000, 0
0, 0.000000, 0.000000, 0.000000, 0
0, 0.000000, 0.000000, 0.000000, 0
0, 0.000000, 0.000000, 0.000000, 0
0, 0.000000, 0.000000, 0.000000, 0
0, 0.000000, 0.000000, 0.000000, 0
0, 0.000000, 0.000000, 0.000000, 0
0, 0.000000, 0.000000, 0.000000, 0
0, 0.000000, 0.000000, 0.000000, 0
0, 0.000000, 0.000000, 0.000000, 0
0, 0.000000, 0.000000, 0.000000, 0
0, 0.000000, 0.000000, 0.000000, 0
0, 0.000000, 0.000000, 0.000000, 0
0, 0.000000, 0.000000, 0.000000, 0
0, 0.000000, 0.000000, 0.000000, 0
0, 0.000000, 0.000000, 0.000000, 0
0, 0.000000, 0.000000, 0.000000, 0
0, 0.000000, 0.000000, 0.000000, 0
1, 0.010101, 1.000000, 56.000000, 0
20, 0.265823, 21.000000, 48.380952, 0
20, 0.694915, 41.000000, 74.536585, 0
20, 1.564103, 61.000000, 65.180328, 0
20, 4.263158, 81.000000, 71.308642, 0
20, 0.000000, 100.000000, 68.320000, 0
20, 0.000000, 100.000000, 73.280000, 0
20, 0.000000, 100.000000, 69.200000, 0
20, 0.000000, 100.000000, 74.000000, 0
20, 0.000000, 100.000000, 68.640000, 0
20, 0.000000, 100.000000, 64.320000, 0
20, 0.000000, 100.000000, 57.520000, 0
20, 0.000000, 100.000000, 54.000000, 0
20, 0.000000, 100.000000, 45.360000, 0
20, 0.000000, 100.000000, 40.080000, 0
20, 0.000000, 100.000000, 40.400000, 0
10, 9.000000, 90.000000, 40.622222, 0
0, 2.333333, 70.000000, 33.942857, 0
0, 1.000000, 50.000000, 36.800000, 0
0, 0.428571, 30.000000, 36.800000, 0
0, 0.111111, 10.000000, 39.200000, 0
0, 0.000000, 0.000000, 0.000000, 0
0, 0.000000, 0.000000, 0.000000, 0
0, 0.000000, 0.000000, 0.000000, 0
0, 0.000000, 0.000000, 0.000000, 0
0, 0.000000, 0.000000, 0.000000, 0
0, 0.000000, 0.000000, 0.000000, 0
0, 0.000000, 0.000000, 0.000000, 0
1, 0.010101, 1.000000, 8.000000, 0
1, 0.020408, 2.000000, 132.000000, 0
0, 0.020408, 2.000000, 132.000000, 0
0, 0.020408, 2.000000, 132.000000, 0
0, 0.020408, 2.000000, 132.000000, 0
0, 0.010101, 1.000000, 256.000000, 0
2, 0.020408, 2.000000, 52.000000, 0
1, 0.030928, 3.000000, 120.000000, 0
0, 0.030928, 3.000000, 120.000000, 0
0, 0.030928, 3.000000, 120.000000, 0
0, 0.030928, 3.000000, 120.000000, 0
0, 0.010101, 1.000000, 256.000000, 0
0, 0.000000, 0.000000, 0.000000, 0
0, 0.000000, 0.000000, 0.000000, 0
4, 0.041667, 4.000000, 14.000000, 0
0, 0.041667, 4.000000, 14.000000, 0
2, 0.063830, 6.000000, 28.000000, 0
0, 0.063830, 6.000000, 28.000000, 0
0, 0.063830, 6.000000, 28.000000, 0
0, 0.020408, 2.000000, 56.000000, 0
0, 0.020408, 2.000000, 56.000000, 0
0, 0.000000, 0.000000, 0.000000, 0
0, 0.000000, 0.000000, 0.000000, 0
0, 0.000000, 0.000000, 0.000000, 0
16, 0.190476, 16.000000, 62.500000, 0
20, 0.562500, 36.000000, 64.222222, 0
20, 1.272727, 56.000000, 58.000000, 0
20, 3.166667, 76.000000, 57.578947, 0
20, 24.000000, 96.000000, 59.333333, 0
20, 0.000000, 100.000000, 56.160000, 0
20, 0.000000, 100.000000, 54.000000, 0
20, 0.000000, 100.000000, 52.720000, 0
20, 0.000000, 100.000000, 49.120000, 0
20, 0.000000, 100.000000, 42.800000, 0
20, 0.000000, 100.000000, 41.200000, 0
20, 0.000000, 100.000000, 38.160000, 0
20, 0.000000, 100.000000, 39.360000, 0
20, 0.000000, 100.000000, 41.440000, 0
20, 0.000000, 100.000000, 46.080000, 0
20, 0.000000, 100.000000, 46.240000, 0
20, 0.000000, 100.000000, 44.480000, 0
20, 0.000000, 100.000000, 42.640000, 0
20, 0.000000, 100.000000, 35.920000, 0
20, 0.000000, 100.000000, 30.800000, 0
20, 0.000000, 100.000000, 26.000000, 0
20, 0.000000, 100.000000, 25.360000, 0
20, 0.000000, 100.000000, 69.360000, 0
20, 0.000000, 100.000000, 77.200000, 0
20, 0.000000, 100.000000, 81.520000, 0
20, 0.000000, 100.000000, 104.800000, 0
20, 0.000000, 100.000000, 114.400000, 0
8, 7.333333, 88.000000, 79.363636, 0
0, 2.125000, 68.000000, 86.705882, 0
0, 0.923077, 48.000000, 100.500000, 0
0, 0.388889, 28.000000, 78.571429, 0
0, 0.086957, 8.000000, 86.000000, 0
0, 0.000000, 0.000000, 0.000000, 0
0, 0.000000, 0.000000, 0.000000, 0
0, 0.000000, 0.000000, 0.000000, 0
0, 0.000000, 0.000000, 0.000000, 0
0, 0.000000, 0.000000, 0.000000, 0
1, 0.010101, 1.000000, 80.000000, 0
1, 0.020408, 2.000000, 60.000000, 0
0, 0.020408, 2.000000, 60.000000, 0
0, 0.020408, 2.000000, 60.000000, 0
0, 0.020408, 2.000000, 60.000000, 0
0, 0.010101, 1.000000, 40.000000, 0
0, 0.000000, 0.000000, 0.000000, 0
0, 0.000000, 0.000000, 0.000000, 0
0, 0.000000, 0.000000, 0.000000, 0
0, 0.000000, 0.000000, 0.000000, 0
0, 0.000000, 0.000000, 0.000000, 0
0, 0.000000, 0.000000, 0.000000, 0
0, 0.000000, 0.000000, 0.000000, 0
0, 0.000000, 0.000000, 0.000000, 0
6, 0.063830, 6.000000, 85.333333, 0
20, 0.351351, 26.000000, 76.923077, 0
20, 0.851852, 46.000000, 75.652174, 0
20, 1.941176, 66.000000, 109.333333, 0
20, 6.142857, 86.000000, 129.581395, 0
20, 0.000000, 100.000000, 119.040000, 0
20, 0.000000, 100.000000, 112.560000, 0
20, 0.000000, 100.000000, 100.960000, 0
20, 0.000000, 100.000000, 68.400000, 0
20, 0.000000, 100.000000, 35.680000, 0
20, 0.000000, 100.000000, 47.920000, 0
17, 32.333333, 97.000000, 62.927835, 0
0, 3.347826, 77.000000, 75.116883, 0
0, 1.325581, 57.000000, 93.052632, 0
0, 0.587302, 37.000000, 125.621622, 0
18, 0.538462, 35.000000, 88.000000, 0
20, 0.612903, 38.000000, 45.473684, 0
20, 1.380952, 58.000000, 39.862069, 0
20, 3.545455, 78.000000, 34.871795, 0
20, 49.000000, 98.000000, 30.530612, 0
20, 0.000000, 100.000000, 22.240000, 0
20, 0.000000, 100.000000, 15.840000, 0
20, 0.000000, 100.000000, 11.600000, 0
20, 0.000000, 100.000000, 10.080000, 0
20, 0.000000, 100.000000, 8.960000, 0
20, 0.000000, 100.000000, 11.360000, 0
20, 0.000000, 100.000000, 13.760000, 0
20, 0.000000, 100.000000, 16.240000, 0
20, 0.000000, 100.000000, 17.760000, 0
20, 0.000000, 100.000000, 18.960000, 0
20, 0.000000, 100.000000, 16.560000, 0
20, 0.000000, 100.000000, 14.160000, 0
20, 0.000000, 100.000000, 11.680000, 0
20, 0.000000, 100.000000, 9.200000, 0
20, 0.000000, 100.000000, 8.000000, 0
20, 0.000000, 100.000000, 8.000000, 0
20, 0.000000, 100.000000, 8.000000, 0
20, 0.000000, 100.000000, 8.000000, 0
20, 0.000000, 100.000000, 8.000000, 0
20, 0.000000, 100.000000, 8.000000, 0
20, 0.000000, 100.000000, 8.000000, 0
20, 0.000000, 100.000000, 8.000000, 0
20, 0.000000, 100.000000, 8.000000, 0
20, 0.000000, 100.000000, 8.000000, 0
20, 0.000000, 100.000000, 8.000000, 0
20, 0.000000, 100.000000, 8.000000, 0
20, 0.000000, 100.000000, 8.000000, 0
20, 0.000000, 100.000000, 8.000000, 0
20, 0.000000, 100.000000, 8.000000, 0
20, 0.000000, 100.000000, 10.320000, 0
20, 0.000000, 100.000000, 10.320000, 0
20, 0.000000, 100.000000, 10.320000, 0
20, 0.000000, 100.000000, 10.320000, 0
20, 0.000000, 100.000000, 10.320000, 0
20, 0.000000, 100.000000, 8.000000, 0
20, 0.000000, 100.000000, 8.000000, 0
20, 0.000000, 100.000000, 8.000000, 0
20, 0.000000, 100.000000, 8.000000, 0
20, 0.000000, 100.000000, 8.000000, 0
20, 0.000000, 100.000000, 8.000000, 0
20, 0.000000, 100.000000, 8.000000, 0
20, 0.000000, 100.000000, 8.000000, 0
20, 0.000000, 100.000000, 11.440000, 0
20, 0.000000, 100.000000, 11.440000, 0
20, 0.000000, 100.000000, 11.440000, 0
20, 0.000000, 100.000000, 11.440000, 0
20, 0.000000, 100.000000, 11.440000, 0
20, 0.000000, 100.000000, 8.000000, 0
20, 0.000000, 100.000000, 8.000000, 0
20, 0.000000, 100.000000, 9.200000, 0
20, 0.000000, 100.000000, 10.400000, 0
20, 0.000000, 100.000000, 12.800000, 0
20, 0.000000, 100.000000, 12.800000, 0
20, 0.000000, 100.000000, 12.800000, 0
20, 0.000000, 100.000000, 11.600000, 0
20, 0.000000, 100.000000, 10.400000, 0
20, 0.000000, 100.000000, 8.000000, 0
20, 0.000000, 100.000000, 8.000000, 0
20, 0.000000, 100.000000, 8.000000, 0
20, 0.000000, 100.000000, 8.000000, 0
20, 0.000000, 100.000000, 8.000000, 0
20, 0.000000, 100.000000, 8.000000, 0
20, 0.000000, 100.000000, 8.000000, 0
20, 0.000000, 100.000000, 8.000000, 0
20, 0.000000, 100.000000, 8.000000, 0
20, 0.000000, 100.000000, 8.000000, 0
20, 0.000000, 100.000000, 8.000000, 0
20, 0.000000, 100.000000, 8.000000, 0
20, 0.000000, 100.000000, 8.000000, 0
20, 0.000000, 100.000000, 8.000000, 0
20, 0.000000, 100.000000, 8.000000, 0
20, 0.000000, 100.000000, 8.000000, 0
20, 0.000000, 100.000000, 8.000000, 0
20, 0.000000, 100.000000, 8.000000, 0
20, 0.000000, 100.000000, 8.000000, 0
20, 0.000000, 100.000000, 8.000000, 0
20, 0.000000, 100.000000, 10.000000, 0
20, 0.000000, 100.000000, 10.240000, 0
20, 0.000000, 100.000000, 10.240000, 0
20, 0.000000, 100.000000, 10.240000, 0
20, 0.000000, 100.000000, 10.240000, 0
20, 0.000000, 100.000000, 8.240000, 0
20, 0.000000, 100.000000, 8.960000, 0
20, 0.000000, 100.000000, 9.280000, 0
20, 0.000000, 100.000000, 9.280000, 0
20, 0.000000, 100.000000, 9.280000, 0
20, 0.000000, 100.000000, 9.280000, 0
20, 0.000000, 100.000000, 8.320000, 0
20, 0.000000, 100.000000, 8.000000, 0
20, 0.000000, 100.000000, 8.000000, 0
20, 0.000000, 100.000000, 8.000000, 0
20, 0.000000, 100.000000, 8.000000, 0
20, 0.000000, 100.000000, 8.000000, 0
20, 0.000000, 100.000000, 8.000000, 0
20, 0.000000, 100.000000, 10.960000, 0
20, 0.000000, 100.000000, 11.600000, 0
20, 0.000000, 100.000000, 11.600000, 0
20, 0.000000, 100.000000, 11.600000, 0
20, 0.000000, 100.000000, 11.600000, 0
20, 0.000000, 100.000000, 8.640000, 0
20, 0.000000, 100.000000, 8.000000, 0
20, 0.000000, 100.000000, 12.800000, 0
20, 0.000000, 100.000000, 12.800000, 0
20, 0.000000, 100.000000, 12.800000, 0
20, 0.000000, 100.000000, 14.000000, 0
20, 0.000000, 100.000000, 15.280000, 0
20, 0.000000, 100.000000, 17.520000, 0
20, 0.000000, 100.000000, 17.520000, 0
20, 0.000000, 100.000000, 17.520000, 0
20, 0.000000, 100.000000, 16.320000, 0
20, 0.000000, 100.000000, 15.040000, 0
20, 0.000000, 100.000000, 8.000000, 0
16, 24.000000, 96.000000, 10.666667, 0
0, 3.166667, 76.000000, 11.368421, 0
